{
  "hypervolume": 368466.4257790135,
  "spacing": 0.21678192057349596,
  "spread": 65.54221498239936,
  "n_pareto": 18
}