{
  "hypervolume": 11128.767364450816,
  "spacing": 0.21551668814257835,
  "spread": 42.59756913895088,
  "reference_point": [
    -0.9072800000000001,
    1.7755106627009811,
    732734.2000000001
  ],
  "n_pareto": 10,
  "n_total_trials": 60
}