{
  "hypervolume": 465262.45282461913,
  "spacing": 0.14806663346597046,
  "spread": 40.700861596456136,
  "n_pareto": 24
}